"script_file","script_name","relative_path","size_bytes","modified_time","module_guess","capture_source","copied_to_repo","repo_path"
"D:/PD_Graft_Project/07_scripts/00_manual_data_audit_v2.R","00_manual_data_audit_v2.R","07_scripts/00_manual_data_audit_v2.R",31215,"2026-07-13 20:49:19.254572","00","project_script_search",TRUE,"D:/PD_Graft_Project/12K_GitHub_repository_package_FINAL_COMPLETE_STANDALONE_V2/scripts/00_manual_data_audit_v2.R"
"D:/PD_Graft_Project/07_scripts/00A5_fast_GEO_download_fixed_7899.R","00A5_fast_GEO_download_fixed_7899.R","07_scripts/00A5_fast_GEO_download_fixed_7899.R",15981,"2026-07-13 20:04:29.441631","00A5","project_script_search",TRUE,"D:/PD_Graft_Project/12K_GitHub_repository_package_FINAL_COMPLETE_STANDALONE_V2/scripts/00A5_fast_GEO_download_fixed_7899.R"
"D:/PD_Graft_Project/07_scripts/00B_critical_metadata_audit_v2.R","00B_critical_metadata_audit_v2.R","07_scripts/00B_critical_metadata_audit_v2.R",37447,"2026-07-13 21:02:24.772026","00B","project_script_search",TRUE,"D:/PD_Graft_Project/12K_GitHub_repository_package_FINAL_COMPLETE_STANDALONE_V2/scripts/00B_critical_metadata_audit_v2.R"
"D:/PD_Graft_Project/07_scripts/00C_GSE178265_barcode_match_v2.R","00C_GSE178265_barcode_match_v2.R","07_scripts/00C_GSE178265_barcode_match_v2.R",18022,"2026-07-13 22:29:09.472342","00C","project_script_search",TRUE,"D:/PD_Graft_Project/12K_GitHub_repository_package_FINAL_COMPLETE_STANDALONE_V2/scripts/00C_GSE178265_barcode_match_v2.R"
"D:/PD_Graft_Project/07_scripts/00D_deep_label_forensic_audit.R","00D_deep_label_forensic_audit.R","07_scripts/00D_deep_label_forensic_audit.R",53923,"2026-07-13 23:02:47.072796","00D","project_script_search",TRUE,"D:/PD_Graft_Project/12K_GitHub_repository_package_FINAL_COMPLETE_STANDALONE_V2/scripts/00D_deep_label_forensic_audit.R"
"D:/PD_Graft_Project/07_scripts/00E4_v2_GSE200610_plain_csv_candidate_validation.R","00E4_v2_GSE200610_plain_csv_candidate_validation.R","07_scripts/00E4_v2_GSE200610_plain_csv_candidate_validation.R",12513,"2026-07-14 00:18:24.82519","00E4","project_script_search",TRUE,"D:/PD_Graft_Project/12K_GitHub_repository_package_FINAL_COMPLETE_STANDALONE_V2/scripts/00E4_v2_GSE200610_plain_csv_candidate_validation.R"
"D:/PD_Graft_Project/07_scripts/01A_FORMAL_PRODUCTION_IMPORT_ALL_IN_ONE_V2.R","01A_FORMAL_PRODUCTION_IMPORT_ALL_IN_ONE_V2.R","07_scripts/01A_FORMAL_PRODUCTION_IMPORT_ALL_IN_ONE_V2.R",67098,"2026-07-14 02:53:16.536518","01A","project_script_search",TRUE,"D:/PD_Graft_Project/12K_GitHub_repository_package_FINAL_COMPLETE_STANDALONE_V2/scripts/01A_FORMAL_PRODUCTION_IMPORT_ALL_IN_ONE_V2.R"
"D:/PD_Graft_Project/07_scripts/01B_GSE178265_DA_STREAMING_SUBMATRIX_V7.R","01B_GSE178265_DA_STREAMING_SUBMATRIX_V7.R","07_scripts/01B_GSE178265_DA_STREAMING_SUBMATRIX_V7.R",38295,"2026-07-14 09:12:56.553087","01B","project_script_search",TRUE,"D:/PD_Graft_Project/12K_GitHub_repository_package_FINAL_COMPLETE_STANDALONE_V2/scripts/01B_GSE178265_DA_STREAMING_SUBMATRIX_V7.R"
"D:/PD_Graft_Project/07_scripts/02A_OBJECT_INTEGRITY_AND_QC_METRICS_V2.R","02A_OBJECT_INTEGRITY_AND_QC_METRICS_V2.R","07_scripts/02A_OBJECT_INTEGRITY_AND_QC_METRICS_V2.R",23551,"2026-07-14 10:10:08.353727","02A","project_script_search",TRUE,"D:/PD_Graft_Project/12K_GitHub_repository_package_FINAL_COMPLETE_STANDALONE_V2/scripts/02A_OBJECT_INTEGRITY_AND_QC_METRICS_V2.R"
"D:/PD_Graft_Project/07_scripts/02B_QC_VISUALIZATION_AND_FILTERING_DECISION.R","02B_QC_VISUALIZATION_AND_FILTERING_DECISION.R","07_scripts/02B_QC_VISUALIZATION_AND_FILTERING_DECISION.R",21079,"2026-07-14 10:14:10.581173","02B","project_script_search",TRUE,"D:/PD_Graft_Project/12K_GitHub_repository_package_FINAL_COMPLETE_STANDALONE_V2/scripts/02B_QC_VISUALIZATION_AND_FILTERING_DECISION.R"
"D:/PD_Graft_Project/07_scripts/03A_NORMALIZATION_AND_PER_OBJECT_REDUCTION_V3_PCA_ONLY_RESUME.R","03A_NORMALIZATION_AND_PER_OBJECT_REDUCTION_V3_PCA_ONLY_RESUME.R","07_scripts/03A_NORMALIZATION_AND_PER_OBJECT_REDUCTION_V3_PCA_ONLY_RESUME.R",23337,"2026-07-14 10:38:43.449238","03A","project_script_search",TRUE,"D:/PD_Graft_Project/12K_GitHub_repository_package_FINAL_COMPLETE_STANDALONE_V2/scripts/03A_NORMALIZATION_AND_PER_OBJECT_REDUCTION_V3_PCA_ONLY_RESUME.R"
"D:/PD_Graft_Project/07_scripts/03B_dataset_merge_figure_repair_V1_COMPLETE_STANDALONE.R","03B_dataset_merge_figure_repair_V1_COMPLETE_STANDALONE.R","07_scripts/03B_dataset_merge_figure_repair_V1_COMPLETE_STANDALONE.R",16841,"2026-07-17 14:25:23.210751","03B","project_script_search",TRUE,"D:/PD_Graft_Project/12K_GitHub_repository_package_FINAL_COMPLETE_STANDALONE_V2/scripts/03B_dataset_merge_figure_repair_V1_COMPLETE_STANDALONE.R"
"D:/PD_Graft_Project/07_scripts/03C_MAIN_ANALYSIS_STRATEGY_AND_MANIFEST.R","03C_MAIN_ANALYSIS_STRATEGY_AND_MANIFEST.R","07_scripts/03C_MAIN_ANALYSIS_STRATEGY_AND_MANIFEST.R",16068,"2026-07-14 11:04:34.55954","03C","project_script_search",TRUE,"D:/PD_Graft_Project/12K_GitHub_repository_package_FINAL_COMPLETE_STANDALONE_V2/scripts/03C_MAIN_ANALYSIS_STRATEGY_AND_MANIFEST.R"
"D:/PD_Graft_Project/07_scripts/04A_MARKER_PANEL_AND_ANNOTATION_PREP.R","04A_MARKER_PANEL_AND_ANNOTATION_PREP.R","07_scripts/04A_MARKER_PANEL_AND_ANNOTATION_PREP.R",18328,"2026-07-14 11:06:46.278137","04A","project_script_search",TRUE,"D:/PD_Graft_Project/12K_GitHub_repository_package_FINAL_COMPLETE_STANDALONE_V2/scripts/04A_MARKER_PANEL_AND_ANNOTATION_PREP.R"
"D:/PD_Graft_Project/07_scripts/04B_MARKER_EXPRESSION_AND_PRELIMINARY_ANNOTATION_V4_DIRECT_MATRIX_LISTFIX.R","04B_MARKER_EXPRESSION_AND_PRELIMINARY_ANNOTATION_V4_DIRECT_MATRIX_LISTFIX.R","07_scripts/04B_MARKER_EXPRESSION_AND_PRELIMINARY_ANNOTATION_V4_DIRECT_MATRIX_LISTFIX.R",29856,"2026-07-14 11:16:24.093668","04B","project_script_search",TRUE,"D:/PD_Graft_Project/12K_GitHub_repository_package_FINAL_COMPLETE_STANDALONE_V2/scripts/04B_MARKER_EXPRESSION_AND_PRELIMINARY_ANNOTATION_V4_DIRECT_MATRIX_LISTFIX.R"
"D:/PD_Graft_Project/07_scripts/04C_REVIEW_MARKER_EXPRESSION_AND_DEFINE_ANNOTATION_RULES.R","04C_REVIEW_MARKER_EXPRESSION_AND_DEFINE_ANNOTATION_RULES.R","07_scripts/04C_REVIEW_MARKER_EXPRESSION_AND_DEFINE_ANNOTATION_RULES.R",23149,"2026-07-14 11:19:24.228371","04C","project_script_search",TRUE,"D:/PD_Graft_Project/12K_GitHub_repository_package_FINAL_COMPLETE_STANDALONE_V2/scripts/04C_REVIEW_MARKER_EXPRESSION_AND_DEFINE_ANNOTATION_RULES.R"
"D:/PD_Graft_Project/07_scripts/04D_V3_FINAL_AUDIT_AND_REPAIR_MISSING_ANNOTATED_OBJECTS.R","04D_V3_FINAL_AUDIT_AND_REPAIR_MISSING_ANNOTATED_OBJECTS.R","07_scripts/04D_V3_FINAL_AUDIT_AND_REPAIR_MISSING_ANNOTATED_OBJECTS.R",18207,"2026-07-14 11:27:12.966454","04D","project_script_search",TRUE,"D:/PD_Graft_Project/12K_GitHub_repository_package_FINAL_COMPLETE_STANDALONE_V2/scripts/04D_V3_FINAL_AUDIT_AND_REPAIR_MISSING_ANNOTATED_OBJECTS.R"
"D:/PD_Graft_Project/07_scripts/05A_DA_A9_A10_AND_PROJECTION_COMPETENCE_SCORING.R","05A_DA_A9_A10_AND_PROJECTION_COMPETENCE_SCORING.R","07_scripts/05A_DA_A9_A10_AND_PROJECTION_COMPETENCE_SCORING.R",29901,"2026-07-14 11:29:49.705559","05A","project_script_search",TRUE,"D:/PD_Graft_Project/12K_GitHub_repository_package_FINAL_COMPLETE_STANDALONE_V2/scripts/05A_DA_A9_A10_AND_PROJECTION_COMPETENCE_SCORING.R"
"D:/PD_Graft_Project/07_scripts/05A_V2_FINAL_AUDIT_AND_FAILURE_RECORD.R","05A_V2_FINAL_AUDIT_AND_FAILURE_RECORD.R","07_scripts/05A_V2_FINAL_AUDIT_AND_FAILURE_RECORD.R",13532,"2026-07-14 11:32:09.051844","05A","project_script_search",TRUE,"D:/PD_Graft_Project/12K_GitHub_repository_package_FINAL_COMPLETE_STANDALONE_V2/scripts/05A_V2_FINAL_AUDIT_AND_FAILURE_RECORD.R"
"D:/PD_Graft_Project/07_scripts/05B_SAFETY_RISK_SCORING_AND_CONTRAST.R","05B_SAFETY_RISK_SCORING_AND_CONTRAST.R","07_scripts/05B_SAFETY_RISK_SCORING_AND_CONTRAST.R",23454,"2026-07-14 11:34:32.6108","05B","project_script_search",TRUE,"D:/PD_Graft_Project/12K_GitHub_repository_package_FINAL_COMPLETE_STANDALONE_V2/scripts/05B_SAFETY_RISK_SCORING_AND_CONTRAST.R"
"D:/PD_Graft_Project/07_scripts/06A_FIGURE_TABLE_PREP_DA_PROJECTION_SAFETY.R","06A_FIGURE_TABLE_PREP_DA_PROJECTION_SAFETY.R","07_scripts/06A_FIGURE_TABLE_PREP_DA_PROJECTION_SAFETY.R",20172,"2026-07-14 11:36:09.329885","06A","project_script_search",TRUE,"D:/PD_Graft_Project/12K_GitHub_repository_package_FINAL_COMPLETE_STANDALONE_V2/scripts/06A_FIGURE_TABLE_PREP_DA_PROJECTION_SAFETY.R"
"D:/PD_Graft_Project/07_scripts/06B_V2_PUBLICATION_FIGURE_POLISH_DA_PROJECTION_SAFETY.R","06B_V2_PUBLICATION_FIGURE_POLISH_DA_PROJECTION_SAFETY.R","07_scripts/06B_V2_PUBLICATION_FIGURE_POLISH_DA_PROJECTION_SAFETY.R",20836,"2026-07-14 11:41:37.243465","06B","project_script_search",TRUE,"D:/PD_Graft_Project/12K_GitHub_repository_package_FINAL_COMPLETE_STANDALONE_V2/scripts/06B_V2_PUBLICATION_FIGURE_POLISH_DA_PROJECTION_SAFETY.R"
"D:/PD_Graft_Project/07_scripts/06C_MANUSCRIPT_RESULTS_TEXT_DRAFT.R","06C_MANUSCRIPT_RESULTS_TEXT_DRAFT.R","07_scripts/06C_MANUSCRIPT_RESULTS_TEXT_DRAFT.R",27431,"2026-07-14 11:44:12.368732","06C","project_script_search",TRUE,"D:/PD_Graft_Project/12K_GitHub_repository_package_FINAL_COMPLETE_STANDALONE_V2/scripts/06C_MANUSCRIPT_RESULTS_TEXT_DRAFT.R"
"D:/PD_Graft_Project/07_scripts/06D_DISCUSSION_ABSTRACT_AND_MANUSCRIPT_STRUCTURE_DRAFT.R","06D_DISCUSSION_ABSTRACT_AND_MANUSCRIPT_STRUCTURE_DRAFT.R","07_scripts/06D_DISCUSSION_ABSTRACT_AND_MANUSCRIPT_STRUCTURE_DRAFT.R",37305,"2026-07-14 11:47:35.730295","06D","project_script_search",TRUE,"D:/PD_Graft_Project/12K_GitHub_repository_package_FINAL_COMPLETE_STANDALONE_V2/scripts/06D_DISCUSSION_ABSTRACT_AND_MANUSCRIPT_STRUCTURE_DRAFT.R"
"D:/PD_Graft_Project/07_scripts/07A_ML_DATASET_PREPARATION_V3_CONTRAST_BASED.R","07A_ML_DATASET_PREPARATION_V3_CONTRAST_BASED.R","07_scripts/07A_ML_DATASET_PREPARATION_V3_CONTRAST_BASED.R",23216,"2026-07-14 11:53:31.452923","07A","project_script_search",TRUE,"D:/PD_Graft_Project/12K_GitHub_repository_package_FINAL_COMPLETE_STANDALONE_V2/scripts/07A_ML_DATASET_PREPARATION_V3_CONTRAST_BASED.R"
"D:/PD_Graft_Project/07_scripts/07B_TRAIN_EXPLORATORY_MARKER_RULE_DERIVED_PRIORITIZATION_MODELS.R","07B_TRAIN_EXPLORATORY_MARKER_RULE_DERIVED_PRIORITIZATION_MODELS.R","07_scripts/07B_TRAIN_EXPLORATORY_MARKER_RULE_DERIVED_PRIORITIZATION_MODELS.R",30123,"2026-07-14 11:56:33.456608","07B","project_script_search",TRUE,"D:/PD_Graft_Project/12K_GitHub_repository_package_FINAL_COMPLETE_STANDALONE_V2/scripts/07B_TRAIN_EXPLORATORY_MARKER_RULE_DERIVED_PRIORITIZATION_MODELS.R"
"D:/PD_Graft_Project/07_scripts/08A_V19_MEMORY_SAFE_BALANCED_PUBLICATION_PDF.R","08A_V19_MEMORY_SAFE_BALANCED_PUBLICATION_PDF.R","07_scripts/08A_V19_MEMORY_SAFE_BALANCED_PUBLICATION_PDF.R",33548,"2026-07-14 13:23:27.581331","08A","project_script_search",TRUE,"D:/PD_Graft_Project/12K_GitHub_repository_package_FINAL_COMPLETE_STANDALONE_V2/scripts/08A_V19_MEMORY_SAFE_BALANCED_PUBLICATION_PDF.R"
"D:/PD_Graft_Project/07_scripts/08B_FINAL_V3_FIX_HEATMAP_COLORBAR_LAYOUT.R","08B_FINAL_V3_FIX_HEATMAP_COLORBAR_LAYOUT.R","07_scripts/08B_FINAL_V3_FIX_HEATMAP_COLORBAR_LAYOUT.R",15801,"2026-07-14 14:47:24.185236","08B","project_script_search",TRUE,"D:/PD_Graft_Project/12K_GitHub_repository_package_FINAL_COMPLETE_STANDALONE_V2/scripts/08B_FINAL_V3_FIX_HEATMAP_COLORBAR_LAYOUT.R"
"D:/PD_Graft_Project/07_scripts/08C_JOURNAL_STANDARD_ALL_FILTERED_GENES_CHUNKED_DEG_VOLCANO.R","08C_JOURNAL_STANDARD_ALL_FILTERED_GENES_CHUNKED_DEG_VOLCANO.R","07_scripts/08C_JOURNAL_STANDARD_ALL_FILTERED_GENES_CHUNKED_DEG_VOLCANO.R",33119,"2026-07-14 15:13:20.213699","08C","project_script_search",TRUE,"D:/PD_Graft_Project/12K_GitHub_repository_package_FINAL_COMPLETE_STANDALONE_V2/scripts/08C_JOURNAL_STANDARD_ALL_FILTERED_GENES_CHUNKED_DEG_VOLCANO.R"
"D:/PD_Graft_Project/07_scripts/08D1_GO_FINAL_VERIFIED_V2_MINIMAL_SAFE.R","08D1_GO_FINAL_VERIFIED_V2_MINIMAL_SAFE.R","07_scripts/08D1_GO_FINAL_VERIFIED_V2_MINIMAL_SAFE.R",37574,"2026-07-14 21:08:21.726854","08D1","project_script_search",TRUE,"D:/PD_Graft_Project/12K_GitHub_repository_package_FINAL_COMPLETE_STANDALONE_V2/scripts/08D1_GO_FINAL_VERIFIED_V2_MINIMAL_SAFE.R"
"D:/PD_Graft_Project/07_scripts/08D2_KEGG_FINAL_UP_DOWN_DOTPLOT.R","08D2_KEGG_FINAL_UP_DOWN_DOTPLOT.R","07_scripts/08D2_KEGG_FINAL_UP_DOWN_DOTPLOT.R",26801,"2026-07-14 21:21:08.957697","08D2","project_script_search",TRUE,"D:/PD_Graft_Project/12K_GitHub_repository_package_FINAL_COMPLETE_STANDALONE_V2/scripts/08D2_KEGG_FINAL_UP_DOWN_DOTPLOT.R"
"D:/PD_Graft_Project/07_scripts/08E_HALLMARK_GSEA_FINAL_PUBLICATION_V4_FGSEA_SERIAL.R","08E_HALLMARK_GSEA_FINAL_PUBLICATION_V4_FGSEA_SERIAL.R","07_scripts/08E_HALLMARK_GSEA_FINAL_PUBLICATION_V4_FGSEA_SERIAL.R",30517,"2026-07-14 22:12:32.207029","08E","project_script_search",TRUE,"D:/PD_Graft_Project/12K_GitHub_repository_package_FINAL_COMPLETE_STANDALONE_V2/scripts/08E_HALLMARK_GSEA_FINAL_PUBLICATION_V4_FGSEA_SERIAL.R"
"D:/PD_Graft_Project/07_scripts/09A_SCRNA_CELL_STATE_PROPORTION_FINAL_PUBLICATION_V6_MANUAL_PDF_DEVICE.R","09A_SCRNA_CELL_STATE_PROPORTION_FINAL_PUBLICATION_V6_MANUAL_PDF_DEVICE.R","07_scripts/09A_SCRNA_CELL_STATE_PROPORTION_FINAL_PUBLICATION_V6_MANUAL_PDF_DEVICE.R",49408,"2026-07-14 22:38:05.136288","09A","project_script_search",TRUE,"D:/PD_Graft_Project/12K_GitHub_repository_package_FINAL_COMPLETE_STANDALONE_V2/scripts/09A_SCRNA_CELL_STATE_PROPORTION_FINAL_PUBLICATION_V6_MANUAL_PDF_DEVICE.R"
"D:/PD_Graft_Project/07_scripts/09B_ML_READY_DATASET_AND_LEAKAGE_AUDIT_FINAL_V4_FULL_FIXED_LAYOUT.R","09B_ML_READY_DATASET_AND_LEAKAGE_AUDIT_FINAL_V4_FULL_FIXED_LAYOUT.R","07_scripts/09B_ML_READY_DATASET_AND_LEAKAGE_AUDIT_FINAL_V4_FULL_FIXED_LAYOUT.R",46284,"2026-07-14 23:42:04.463753","09B","project_script_search",TRUE,"D:/PD_Graft_Project/12K_GitHub_repository_package_FINAL_COMPLETE_STANDALONE_V2/scripts/09B_ML_READY_DATASET_AND_LEAKAGE_AUDIT_FINAL_V4_FULL_FIXED_LAYOUT.R"
"D:/PD_Graft_Project/07_scripts/09C_PRIMARY_REDUCED_FEATURE_MARKER_RULE_PRIORITIZATION_MODEL_FINAL_V4_FULL_PUBLICATION_LAYOUT.R","09C_PRIMARY_REDUCED_FEATURE_MARKER_RULE_PRIORITIZATION_MODEL_FINAL_V4_FULL_PUBLICATION_LAYOUT.R","07_scripts/09C_PRIMARY_REDUCED_FEATURE_MARKER_RULE_PRIORITIZATION_MODEL_FINAL_V4_FULL_PUBLICATION_LAYOUT.R",47052,"2026-07-14 23:56:50.384226","09C","project_script_search",TRUE,"D:/PD_Graft_Project/12K_GitHub_repository_package_FINAL_COMPLETE_STANDALONE_V2/scripts/09C_PRIMARY_REDUCED_FEATURE_MARKER_RULE_PRIORITIZATION_MODEL_FINAL_V4_FULL_PUBLICATION_LAYOUT.R"
"D:/PD_Graft_Project/07_scripts/09D_EXTERNAL_VALIDATION_DATASET_AUDIT_FINAL_V8_PUBLICATION_POLISH.R","09D_EXTERNAL_VALIDATION_DATASET_AUDIT_FINAL_V8_PUBLICATION_POLISH.R","07_scripts/09D_EXTERNAL_VALIDATION_DATASET_AUDIT_FINAL_V8_PUBLICATION_POLISH.R",53430,"2026-07-15 00:58:55.249363","09D","project_script_search",TRUE,"D:/PD_Graft_Project/12K_GitHub_repository_package_FINAL_COMPLETE_STANDALONE_V2/scripts/09D_EXTERNAL_VALIDATION_DATASET_AUDIT_FINAL_V8_PUBLICATION_POLISH.R"
"D:/PD_Graft_Project/07_scripts/09E_FROZEN_EXTERNAL_VALIDATION_GSE183248_FINAL_V6_FIX_CLUSTER_CELLID.R","09E_FROZEN_EXTERNAL_VALIDATION_GSE183248_FINAL_V6_FIX_CLUSTER_CELLID.R","07_scripts/09E_FROZEN_EXTERNAL_VALIDATION_GSE183248_FINAL_V6_FIX_CLUSTER_CELLID.R",97979,"2026-07-15 02:10:07.807606","09E","project_script_search",TRUE,"D:/PD_Graft_Project/12K_GitHub_repository_package_FINAL_COMPLETE_STANDALONE_V2/scripts/09E_FROZEN_EXTERNAL_VALIDATION_GSE183248_FINAL_V6_FIX_CLUSTER_CELLID.R"
"D:/PD_Graft_Project/07_scripts/09F_EXTERNAL_VALIDATION_FIGURE_POLISH_FINAL_V3_PUBLICATION_LAYOUT.R","09F_EXTERNAL_VALIDATION_FIGURE_POLISH_FINAL_V3_PUBLICATION_LAYOUT.R","07_scripts/09F_EXTERNAL_VALIDATION_FIGURE_POLISH_FINAL_V3_PUBLICATION_LAYOUT.R",35104,"2026-07-15 02:25:50.49847","09F","project_script_search",TRUE,"D:/PD_Graft_Project/12K_GitHub_repository_package_FINAL_COMPLETE_STANDALONE_V2/scripts/09F_EXTERNAL_VALIDATION_FIGURE_POLISH_FINAL_V3_PUBLICATION_LAYOUT.R"
"D:/PD_Graft_Project/07_scripts/09G_THRESHOLD_SENSITIVITY_ANALYSIS_FINAL_V1.R","09G_THRESHOLD_SENSITIVITY_ANALYSIS_FINAL_V1.R","07_scripts/09G_THRESHOLD_SENSITIVITY_ANALYSIS_FINAL_V1.R",41001,"2026-07-15 02:31:53.781113","09G","project_script_search",TRUE,"D:/PD_Graft_Project/12K_GitHub_repository_package_FINAL_COMPLETE_STANDALONE_V2/scripts/09G_THRESHOLD_SENSITIVITY_ANALYSIS_FINAL_V1.R"
"D:/PD_Graft_Project/07_scripts/09H_NEGATIVE_CONTROL_ANALYSIS_FINAL_V1.R","09H_NEGATIVE_CONTROL_ANALYSIS_FINAL_V1.R","07_scripts/09H_NEGATIVE_CONTROL_ANALYSIS_FINAL_V1.R",36223,"2026-07-15 02:37:18.863497","09H","project_script_search",TRUE,"D:/PD_Graft_Project/12K_GitHub_repository_package_FINAL_COMPLETE_STANDALONE_V2/scripts/09H_NEGATIVE_CONTROL_ANALYSIS_FINAL_V1.R"
"D:/PD_Graft_Project/07_scripts/09I_DISEASE_CONTEXT_VALIDATION_FINAL_V9_CHECKPOINT_RESUME_SAFE_FIGURES.R","09I_DISEASE_CONTEXT_VALIDATION_FINAL_V9_CHECKPOINT_RESUME_SAFE_FIGURES.R","07_scripts/09I_DISEASE_CONTEXT_VALIDATION_FINAL_V9_CHECKPOINT_RESUME_SAFE_FIGURES.R",56202,"2026-07-15 09:37:32.205336","09I","project_script_search",TRUE,"D:/PD_Graft_Project/12K_GitHub_repository_package_FINAL_COMPLETE_STANDALONE_V2/scripts/09I_DISEASE_CONTEXT_VALIDATION_FINAL_V9_CHECKPOINT_RESUME_SAFE_FIGURES.R"
"D:/PD_Graft_Project/07_scripts/09J_ROBUSTNESS_INTEGRATION_REPORT_FINAL_V2_PUBLICATION_LAYOUT_RESTORED.R","09J_ROBUSTNESS_INTEGRATION_REPORT_FINAL_V2_PUBLICATION_LAYOUT_RESTORED.R","07_scripts/09J_ROBUSTNESS_INTEGRATION_REPORT_FINAL_V2_PUBLICATION_LAYOUT_RESTORED.R",43427,"2026-07-15 12:02:16.562691","09J","project_script_search",TRUE,"D:/PD_Graft_Project/12K_GitHub_repository_package_FINAL_COMPLETE_STANDALONE_V2/scripts/09J_ROBUSTNESS_INTEGRATION_REPORT_FINAL_V2_PUBLICATION_LAYOUT_RESTORED.R"
"D:/PD_Graft_Project/07_scripts/10A_FINAL_MANUSCRIPT_FIGURE_PANEL_ASSEMBLY_V1.R","10A_FINAL_MANUSCRIPT_FIGURE_PANEL_ASSEMBLY_V1.R","07_scripts/10A_FINAL_MANUSCRIPT_FIGURE_PANEL_ASSEMBLY_V1.R",41649,"2026-07-15 10:04:59.524942","10A","project_script_search",TRUE,"D:/PD_Graft_Project/12K_GitHub_repository_package_FINAL_COMPLETE_STANDALONE_V2/scripts/10A_FINAL_MANUSCRIPT_FIGURE_PANEL_ASSEMBLY_V1.R"
"D:/PD_Graft_Project/07_scripts/10B_MANUSCRIPT_FINAL_STANDALONE_V7_LOCKED_COMPLETE.R","10B_MANUSCRIPT_FINAL_STANDALONE_V7_LOCKED_COMPLETE.R","07_scripts/10B_MANUSCRIPT_FINAL_STANDALONE_V7_LOCKED_COMPLETE.R",62923,"2026-07-15 11:18:54.038439","10B","project_script_search",TRUE,"D:/PD_Graft_Project/12K_GitHub_repository_package_FINAL_COMPLETE_STANDALONE_V2/scripts/10B_MANUSCRIPT_FINAL_STANDALONE_V7_LOCKED_COMPLETE.R"
"D:/PD_Graft_Project/07_scripts/10C_FINAL_V16_F5B_CONTEXT_CLUSTER_SIZE_LOCK.R","10C_FINAL_V16_F5B_CONTEXT_CLUSTER_SIZE_LOCK.R","07_scripts/10C_FINAL_V16_F5B_CONTEXT_CLUSTER_SIZE_LOCK.R",97040,"2026-07-15 13:23:24.880981","10C","project_script_search",TRUE,"D:/PD_Graft_Project/12K_GitHub_repository_package_FINAL_COMPLETE_STANDALONE_V2/scripts/10C_FINAL_V16_F5B_CONTEXT_CLUSTER_SIZE_LOCK.R"
"D:/PD_Graft_Project/07_scripts/10D_FINAL_MULTIPANEL_FIGURE_ASSEMBLY_AND_EXPORT_V17_NO_5_PANEL_VOLCANO_SINGLE.R","10D_FINAL_MULTIPANEL_FIGURE_ASSEMBLY_AND_EXPORT_V17_NO_5_PANEL_VOLCANO_SINGLE.R","07_scripts/10D_FINAL_MULTIPANEL_FIGURE_ASSEMBLY_AND_EXPORT_V17_NO_5_PANEL_VOLCANO_SINGLE.R",50520,"2026-07-15 13:49:26.32119","10D","project_script_search",TRUE,"D:/PD_Graft_Project/12K_GitHub_repository_package_FINAL_COMPLETE_STANDALONE_V2/scripts/10D_FINAL_MULTIPANEL_FIGURE_ASSEMBLY_AND_EXPORT_V17_NO_5_PANEL_VOLCANO_SINGLE.R"
"D:/PD_Graft_Project/07_scripts/10E_FINAL_CONSISTENCY_AUDIT_V2_FAST.R","10E_FINAL_CONSISTENCY_AUDIT_V2_FAST.R","07_scripts/10E_FINAL_CONSISTENCY_AUDIT_V2_FAST.R",39107,"2026-07-15 13:58:26.583633","10E","project_script_search",TRUE,"D:/PD_Graft_Project/12K_GitHub_repository_package_FINAL_COMPLETE_STANDALONE_V2/scripts/10E_FINAL_CONSISTENCY_AUDIT_V2_FAST.R"
"D:/PD_Graft_Project/07_scripts/10F_FIGURE_LEGENDS_AND_REFERENCE_MAP_V1.R","10F_FIGURE_LEGENDS_AND_REFERENCE_MAP_V1.R","07_scripts/10F_FIGURE_LEGENDS_AND_REFERENCE_MAP_V1.R",28665,"2026-07-15 14:01:24.195774","10F","project_script_search",TRUE,"D:/PD_Graft_Project/12K_GitHub_repository_package_FINAL_COMPLETE_STANDALONE_V2/scripts/10F_FIGURE_LEGENDS_AND_REFERENCE_MAP_V1.R"
"D:/PD_Graft_Project/07_scripts/10G0_dataset_domain_and_project_reframing_audit_V8_STANDALONE_STRICT.R","10G0_dataset_domain_and_project_reframing_audit_V8_STANDALONE_STRICT.R","07_scripts/10G0_dataset_domain_and_project_reframing_audit_V8_STANDALONE_STRICT.R",27087,"2026-07-15 15:49:45.85169","10G0","project_script_search",TRUE,"D:/PD_Graft_Project/12K_GitHub_repository_package_FINAL_COMPLETE_STANDALONE_V2/scripts/10G0_dataset_domain_and_project_reframing_audit_V8_STANDALONE_STRICT.R"
"D:/PD_Graft_Project/07_scripts/10H_dataset_role_and_model_scope_freeze_V1.R","10H_dataset_role_and_model_scope_freeze_V1.R","07_scripts/10H_dataset_role_and_model_scope_freeze_V1.R",23457,"2026-07-15 16:07:34.102537","10H","project_script_search",TRUE,"D:/PD_Graft_Project/12K_GitHub_repository_package_FINAL_COMPLETE_STANDALONE_V2/scripts/10H_dataset_role_and_model_scope_freeze_V1.R"
"D:/PD_Graft_Project/07_scripts/10I_pseudotime_input_readiness_audit_V2_COMPLETE_STANDALONE.R","10I_pseudotime_input_readiness_audit_V2_COMPLETE_STANDALONE.R","07_scripts/10I_pseudotime_input_readiness_audit_V2_COMPLETE_STANDALONE.R",22286,"2026-07-15 16:14:59.724985","10I","project_script_search",TRUE,"D:/PD_Graft_Project/12K_GitHub_repository_package_FINAL_COMPLETE_STANDALONE_V2/scripts/10I_pseudotime_input_readiness_audit_V2_COMPLETE_STANDALONE.R"
"D:/PD_Graft_Project/07_scripts/10J_pseudotime_pilot_V15_FINAL_SEPARATE_PUBLICATION_SAFE.R","10J_pseudotime_pilot_V15_FINAL_SEPARATE_PUBLICATION_SAFE.R","07_scripts/10J_pseudotime_pilot_V15_FINAL_SEPARATE_PUBLICATION_SAFE.R",26075,"2026-07-16 20:58:54.173964","10J","project_script_search",TRUE,"D:/PD_Graft_Project/12K_GitHub_repository_package_FINAL_COMPLETE_STANDALONE_V2/scripts/10J_pseudotime_pilot_V15_FINAL_SEPARATE_PUBLICATION_SAFE.R"
"D:/PD_Graft_Project/07_scripts/10K_final_pseudotime_trajectory_analysis_V7_F_HEATMAP_LEFT_LABEL_FINAL_FIX.R","10K_final_pseudotime_trajectory_analysis_V7_F_HEATMAP_LEFT_LABEL_FINAL_FIX.R","07_scripts/10K_final_pseudotime_trajectory_analysis_V7_F_HEATMAP_LEFT_LABEL_FINAL_FIX.R",16564,"2026-07-16 22:10:24.443914","10K","project_script_search",TRUE,"D:/PD_Graft_Project/12K_GitHub_repository_package_FINAL_COMPLETE_STANDALONE_V2/scripts/10K_final_pseudotime_trajectory_analysis_V7_F_HEATMAP_LEFT_LABEL_FINAL_FIX.R"
"D:/PD_Graft_Project/07_scripts/10L_GitHub_user_scRNA_signature_priority_inference_V2_SAFE_ZSCORE_COMPLETE_STANDALONE.R","10L_GitHub_user_scRNA_signature_priority_inference_V2_SAFE_ZSCORE_COMPLETE_STANDALONE.R","07_scripts/10L_GitHub_user_scRNA_signature_priority_inference_V2_SAFE_ZSCORE_COMPLETE_STANDALONE.R",36359,"2026-07-16 22:36:38.148727","10L","project_script_search",TRUE,"D:/PD_Graft_Project/12K_GitHub_repository_package_FINAL_COMPLETE_STANDALONE_V2/scripts/10L_GitHub_user_scRNA_signature_priority_inference_V2_SAFE_ZSCORE_COMPLETE_STANDALONE.R"
"D:/PD_Graft_Project/07_scripts/10M_advanced_figure_plan_V2_COMPLETE_STANDALONE.R","10M_advanced_figure_plan_V2_COMPLETE_STANDALONE.R","07_scripts/10M_advanced_figure_plan_V2_COMPLETE_STANDALONE.R",33920,"2026-07-17 08:30:00.683619","10M","project_script_search",TRUE,"D:/PD_Graft_Project/12K_GitHub_repository_package_FINAL_COMPLETE_STANDALONE_V2/scripts/10M_advanced_figure_plan_V2_COMPLETE_STANDALONE.R"
"D:/PD_Graft_Project/07_scripts/10N_advanced_manuscript_storyline_V2_COMPLETE_STANDALONE.R","10N_advanced_manuscript_storyline_V2_COMPLETE_STANDALONE.R","07_scripts/10N_advanced_manuscript_storyline_V2_COMPLETE_STANDALONE.R",20470,"2026-07-17 08:48:07.697641","10N","project_script_search",TRUE,"D:/PD_Graft_Project/12K_GitHub_repository_package_FINAL_COMPLETE_STANDALONE_V2/scripts/10N_advanced_manuscript_storyline_V2_COMPLETE_STANDALONE.R"
"D:/PD_Graft_Project/07_scripts/10O_advanced_source_figure_lock_V8_REVIEW_ACCEPTED_ASSEMBLY_READY_COMPLETE_STANDALONE.R","10O_advanced_source_figure_lock_V8_REVIEW_ACCEPTED_ASSEMBLY_READY_COMPLETE_STANDALONE.R","07_scripts/10O_advanced_source_figure_lock_V8_REVIEW_ACCEPTED_ASSEMBLY_READY_COMPLETE_STANDALONE.R",29254,"2026-07-17 09:10:55.112892","10O","project_script_search",TRUE,"D:/PD_Graft_Project/12K_GitHub_repository_package_FINAL_COMPLETE_STANDALONE_V2/scripts/10O_advanced_source_figure_lock_V8_REVIEW_ACCEPTED_ASSEMBLY_READY_COMPLETE_STANDALONE.R"
"D:/PD_Graft_Project/07_scripts/10P_FINAL_SOURCE_PANEL_PACKAGE_V15_FIX_FIG9_BC_DUPLICATE_COMPLETE_STANDALONE.R","10P_FINAL_SOURCE_PANEL_PACKAGE_V15_FIX_FIG9_BC_DUPLICATE_COMPLETE_STANDALONE.R","07_scripts/10P_FINAL_SOURCE_PANEL_PACKAGE_V15_FIX_FIG9_BC_DUPLICATE_COMPLETE_STANDALONE.R",17295,"2026-07-17 11:19:35.81588","10P","project_script_search",TRUE,"D:/PD_Graft_Project/12K_GitHub_repository_package_FINAL_COMPLETE_STANDALONE_V2/scripts/10P_FINAL_SOURCE_PANEL_PACKAGE_V15_FIX_FIG9_BC_DUPLICATE_COMPLETE_STANDALONE.R"
"D:/PD_Graft_Project/07_scripts/11A_new_dataset_evidence_upgrade_audit_V3_AUDITED_LAYOUT_POLISH_STANDALONE.R","11A_new_dataset_evidence_upgrade_audit_V3_AUDITED_LAYOUT_POLISH_STANDALONE.R","07_scripts/11A_new_dataset_evidence_upgrade_audit_V3_AUDITED_LAYOUT_POLISH_STANDALONE.R",9744,"2026-07-17 12:44:16.028433","11A","project_script_search",TRUE,"D:/PD_Graft_Project/12K_GitHub_repository_package_FINAL_COMPLETE_STANDALONE_V2/scripts/11A_new_dataset_evidence_upgrade_audit_V3_AUDITED_LAYOUT_POLISH_STANDALONE.R"
"D:/PD_Graft_Project/07_scripts/11B_manual_download_check_V7_NO_OVERLAP_POLISH_STANDALONE.R","11B_manual_download_check_V7_NO_OVERLAP_POLISH_STANDALONE.R","07_scripts/11B_manual_download_check_V7_NO_OVERLAP_POLISH_STANDALONE.R",13419,"2026-07-17 12:48:40.591064","11B","project_script_search",TRUE,"D:/PD_Graft_Project/12K_GitHub_repository_package_FINAL_COMPLETE_STANDALONE_V2/scripts/11B_manual_download_check_V7_NO_OVERLAP_POLISH_STANDALONE.R"
"D:/PD_Graft_Project/07_scripts/11C_preclinical_graft_context_marker_validation_V26_V4_STYLE_LABEL_NEAR_LINE_START_FIX_STANDALONE.R","11C_preclinical_graft_context_marker_validation_V26_V4_STYLE_LABEL_NEAR_LINE_START_FIX_STANDALONE.R","07_scripts/11C_preclinical_graft_context_marker_validation_V26_V4_STYLE_LABEL_NEAR_LINE_START_FIX_STANDALONE.R",26516,"2026-07-17 14:50:03.685467","11C","project_script_search",TRUE,"D:/PD_Graft_Project/12K_GitHub_repository_package_FINAL_COMPLETE_STANDALONE_V2/scripts/11C_preclinical_graft_context_marker_validation_V26_V4_STYLE_LABEL_NEAR_LINE_START_FIX_STANDALONE.R"
"D:/PD_Graft_Project/07_scripts/11D_survival_stress_CRISPR_proxy_context_FINAL_LOCKED_V3F_PUBLICATION_VISUAL_POLISH_STANDALONE.R","11D_survival_stress_CRISPR_proxy_context_FINAL_LOCKED_V3F_PUBLICATION_VISUAL_POLISH_STANDALONE.R","07_scripts/11D_survival_stress_CRISPR_proxy_context_FINAL_LOCKED_V3F_PUBLICATION_VISUAL_POLISH_STANDALONE.R",36740,"2026-07-17 16:39:31.680536","11D","project_script_search",TRUE,"D:/PD_Graft_Project/12K_GitHub_repository_package_FINAL_COMPLETE_STANDALONE_V2/scripts/11D_survival_stress_CRISPR_proxy_context_FINAL_LOCKED_V3F_PUBLICATION_VISUAL_POLISH_STANDALONE.R"
"D:/PD_Graft_Project/07_scripts/11E_FINAL_LOCKED_V4J_COMPLETE_PUBLICATION_VISUAL_POLISH_VERTICAL_COLORBAR_FINAL_TABLE_ONLY_STANDALONE.R","11E_FINAL_LOCKED_V4J_COMPLETE_PUBLICATION_VISUAL_POLISH_VERTICAL_COLORBAR_FINAL_TABLE_ONLY_STANDALONE.R","07_scripts/11E_FINAL_LOCKED_V4J_COMPLETE_PUBLICATION_VISUAL_POLISH_VERTICAL_COLORBAR_FINAL_TABLE_ONLY_STANDALONE.R",31827,"2026-07-18 16:57:39.560129","11E","project_script_search",TRUE,"D:/PD_Graft_Project/12K_GitHub_repository_package_FINAL_COMPLETE_STANDALONE_V2/scripts/11E_FINAL_LOCKED_V4J_COMPLETE_PUBLICATION_VISUAL_POLISH_VERTICAL_COLORBAR_FINAL_TABLE_ONLY_STANDALONE.R"
"D:/PD_Graft_Project/07_scripts/11F_projection_associated_molecular_competence_proxy_FINAL_COMPLETE_STANDALONE.R","11F_projection_associated_molecular_competence_proxy_FINAL_COMPLETE_STANDALONE.R","07_scripts/11F_projection_associated_molecular_competence_proxy_FINAL_COMPLETE_STANDALONE.R",49602,"2026-07-18 19:44:50.974554","11F","project_script_search",TRUE,"D:/PD_Graft_Project/12K_GitHub_repository_package_FINAL_COMPLETE_STANDALONE_V2/scripts/11F_projection_associated_molecular_competence_proxy_FINAL_COMPLETE_STANDALONE.R"
"D:/PD_Graft_Project/07_scripts/11G_PD_GWAS_genetic_context_support_FINAL_COMPLETE_STANDALONE_SAFE_REBUILD.R","11G_PD_GWAS_genetic_context_support_FINAL_COMPLETE_STANDALONE_SAFE_REBUILD.R","07_scripts/11G_PD_GWAS_genetic_context_support_FINAL_COMPLETE_STANDALONE_SAFE_REBUILD.R",41124,"2026-07-18 20:10:01.774857","11G","project_script_search",TRUE,"D:/PD_Graft_Project/12K_GitHub_repository_package_FINAL_COMPLETE_STANDALONE_V2/scripts/11G_PD_GWAS_genetic_context_support_FINAL_COMPLETE_STANDALONE_SAFE_REBUILD.R"
"D:/PD_Graft_Project/07_scripts/11H_integrated_evidence_tier_and_candidate_marker_signature_FINAL_COMPLETE_STANDALONE_UMBRELLA_REBUILD.R","11H_integrated_evidence_tier_and_candidate_marker_signature_FINAL_COMPLETE_STANDALONE_UMBRELLA_REBUILD.R","07_scripts/11H_integrated_evidence_tier_and_candidate_marker_signature_FINAL_COMPLETE_STANDALONE_UMBRELLA_REBUILD.R",60701,"2026-07-18 20:28:45.945814","11H","project_script_search",TRUE,"D:/PD_Graft_Project/12K_GitHub_repository_package_FINAL_COMPLETE_STANDALONE_V2/scripts/11H_integrated_evidence_tier_and_candidate_marker_signature_FINAL_COMPLETE_STANDALONE_UMBRELLA_REBUILD.R"
"D:/PD_Graft_Project/07_scripts/11I_module_score_correlation_FINAL_COMPLETE_STANDALONE_NATURE_COLOR.R","11I_module_score_correlation_FINAL_COMPLETE_STANDALONE_NATURE_COLOR.R","07_scripts/11I_module_score_correlation_FINAL_COMPLETE_STANDALONE_NATURE_COLOR.R",52751,"2026-07-18 21:03:41.925117","11I","project_script_search",TRUE,"D:/PD_Graft_Project/12K_GitHub_repository_package_FINAL_COMPLETE_STANDALONE_V2/scripts/11I_module_score_correlation_FINAL_COMPLETE_STANDALONE_NATURE_COLOR.R"
"D:/PD_Graft_Project/07_scripts/11J_ML_audit_ROC_PR_feature_importance_FINAL_COMPLETE_STANDALONE_NATURE_CLEAN_PUBLICATION.R","11J_ML_audit_ROC_PR_feature_importance_FINAL_COMPLETE_STANDALONE_NATURE_CLEAN_PUBLICATION.R","07_scripts/11J_ML_audit_ROC_PR_feature_importance_FINAL_COMPLETE_STANDALONE_NATURE_CLEAN_PUBLICATION.R",50328,"2026-07-18 21:25:54.473373","11J","project_script_search",TRUE,"D:/PD_Graft_Project/12K_GitHub_repository_package_FINAL_COMPLETE_STANDALONE_V2/scripts/11J_ML_audit_ROC_PR_feature_importance_FINAL_COMPLETE_STANDALONE_NATURE_CLEAN_PUBLICATION.R"
"D:/PD_Graft_Project/07_scripts/12A_final_storyline_refresh_FINAL_COMPLETE_STANDALONE.R","12A_final_storyline_refresh_FINAL_COMPLETE_STANDALONE.R","07_scripts/12A_final_storyline_refresh_FINAL_COMPLETE_STANDALONE.R",39415,"2026-07-18 21:32:32.813845","12A","project_script_search",TRUE,"D:/PD_Graft_Project/12K_GitHub_repository_package_FINAL_COMPLETE_STANDALONE_V2/scripts/12A_final_storyline_refresh_FINAL_COMPLETE_STANDALONE.R"
"D:/PD_Graft_Project/07_scripts/12B_final_figure_plan_refresh_FINAL_COMPLETE_STANDALONE.R","12B_final_figure_plan_refresh_FINAL_COMPLETE_STANDALONE.R","07_scripts/12B_final_figure_plan_refresh_FINAL_COMPLETE_STANDALONE.R",33636,"2026-07-18 21:38:23.114519","12B","project_script_search",TRUE,"D:/PD_Graft_Project/12K_GitHub_repository_package_FINAL_COMPLETE_STANDALONE_V2/scripts/12B_final_figure_plan_refresh_FINAL_COMPLETE_STANDALONE.R"
"D:/PD_Graft_Project/07_scripts/12C_final_source_panel_lock_refresh_FINAL_COMPLETE_STANDALONE.R","12C_final_source_panel_lock_refresh_FINAL_COMPLETE_STANDALONE.R","07_scripts/12C_final_source_panel_lock_refresh_FINAL_COMPLETE_STANDALONE.R",42824,"2026-07-18 22:32:00.638958","12C","project_script_search",TRUE,"D:/PD_Graft_Project/12K_GitHub_repository_package_FINAL_COMPLETE_STANDALONE_V2/scripts/12C_final_source_panel_lock_refresh_FINAL_COMPLETE_STANDALONE.R"
"D:/PD_Graft_Project/07_scripts/12D_final_panel_package_generation_FINAL_COMPLETE_STANDALONE.R","12D_final_panel_package_generation_FINAL_COMPLETE_STANDALONE.R","07_scripts/12D_final_panel_package_generation_FINAL_COMPLETE_STANDALONE.R",45300,"2026-07-18 22:32:44.823839","12D","project_script_search",TRUE,"D:/PD_Graft_Project/12K_GitHub_repository_package_FINAL_COMPLETE_STANDALONE_V2/scripts/12D_final_panel_package_generation_FINAL_COMPLETE_STANDALONE.R"
"D:/PD_Graft_Project/07_scripts/12E_final_visual_audit_FINAL_COMPLETE_STANDALONE_SAFE_FIGC.R","12E_final_visual_audit_FINAL_COMPLETE_STANDALONE_SAFE_FIGC.R","07_scripts/12E_final_visual_audit_FINAL_COMPLETE_STANDALONE_SAFE_FIGC.R",38053,"2026-07-18 22:34:25.72818","12E","project_script_search",TRUE,"D:/PD_Graft_Project/12K_GitHub_repository_package_FINAL_COMPLETE_STANDALONE_V2/scripts/12E_final_visual_audit_FINAL_COMPLETE_STANDALONE_SAFE_FIGC.R"
"D:/PD_Graft_Project/07_scripts/12F_optional_final_assembly_MAIN_FIG1_REDESIGN_FINAL_COMPLETE_STANDALONE_V2.R","12F_optional_final_assembly_MAIN_FIG1_REDESIGN_FINAL_COMPLETE_STANDALONE_V2.R","07_scripts/12F_optional_final_assembly_MAIN_FIG1_REDESIGN_FINAL_COMPLETE_STANDALONE_V2.R",54216,"2026-07-18 22:59:40.21312","12F","project_script_search",TRUE,"D:/PD_Graft_Project/12K_GitHub_repository_package_FINAL_COMPLETE_STANDALONE_V2/scripts/12F_optional_final_assembly_MAIN_FIG1_REDESIGN_FINAL_COMPLETE_STANDALONE_V2.R"
"D:/PD_Graft_Project/07_scripts/12G_final_legends_caption_refresh_FINAL_COMPLETE_STANDALONE.R","12G_final_legends_caption_refresh_FINAL_COMPLETE_STANDALONE.R","07_scripts/12G_final_legends_caption_refresh_FINAL_COMPLETE_STANDALONE.R",41769,"2026-07-18 23:16:16.55707","12G","project_script_search",TRUE,"D:/PD_Graft_Project/12K_GitHub_repository_package_FINAL_COMPLETE_STANDALONE_V2/scripts/12G_final_legends_caption_refresh_FINAL_COMPLETE_STANDALONE.R"
"D:/PD_Graft_Project/07_scripts/12H_results_text_refresh_FINAL_COMPLETE_STANDALONE_V4.R","12H_results_text_refresh_FINAL_COMPLETE_STANDALONE_V4.R","07_scripts/12H_results_text_refresh_FINAL_COMPLETE_STANDALONE_V4.R",39148,"2026-07-18 23:31:53.537209","12H","project_script_search",TRUE,"D:/PD_Graft_Project/12K_GitHub_repository_package_FINAL_COMPLETE_STANDALONE_V2/scripts/12H_results_text_refresh_FINAL_COMPLETE_STANDALONE_V4.R"
"D:/PD_Graft_Project/07_scripts/12I_discussion_limitations_refresh_FINAL_COMPLETE_STANDALONE_V3.R","12I_discussion_limitations_refresh_FINAL_COMPLETE_STANDALONE_V3.R","07_scripts/12I_discussion_limitations_refresh_FINAL_COMPLETE_STANDALONE_V3.R",39687,"2026-07-18 23:42:17.174801","12I","project_script_search",TRUE,"D:/PD_Graft_Project/12K_GitHub_repository_package_FINAL_COMPLETE_STANDALONE_V2/scripts/12I_discussion_limitations_refresh_FINAL_COMPLETE_STANDALONE_V3.R"
"D:/PD_Graft_Project/07_scripts/12J_methods_reproducibility_refresh_FINAL_COMPLETE_STANDALONE.R","12J_methods_reproducibility_refresh_FINAL_COMPLETE_STANDALONE.R","07_scripts/12J_methods_reproducibility_refresh_FINAL_COMPLETE_STANDALONE.R",45927,"2026-07-18 23:48:08.902813","12J","project_script_search",TRUE,"D:/PD_Graft_Project/12K_GitHub_repository_package_FINAL_COMPLETE_STANDALONE_V2/scripts/12J_methods_reproducibility_refresh_FINAL_COMPLETE_STANDALONE.R"
"D:/PD_Graft_Project/07_scripts/12L_journal_cover_letter_refresh_FINAL_COMPLETE_STANDALONE_V2.R","12L_journal_cover_letter_refresh_FINAL_COMPLETE_STANDALONE_V2.R","07_scripts/12L_journal_cover_letter_refresh_FINAL_COMPLETE_STANDALONE_V2.R",48974,"2026-07-19 00:06:31.530956","12L","project_script_search",TRUE,"D:/PD_Graft_Project/12K_GitHub_repository_package_FINAL_COMPLETE_STANDALONE_V2/scripts/12L_journal_cover_letter_refresh_FINAL_COMPLETE_STANDALONE_V2.R"
"D:/PD_Graft_Project/07_scripts/12M_submission_package_refresh_FINAL_COMPLETE_STANDALONE_V2.R","12M_submission_package_refresh_FINAL_COMPLETE_STANDALONE_V2.R","07_scripts/12M_submission_package_refresh_FINAL_COMPLETE_STANDALONE_V2.R",56149,"2026-07-19 00:15:31.220142","12M","project_script_search",TRUE,"D:/PD_Graft_Project/12K_GitHub_repository_package_FINAL_COMPLETE_STANDALONE_V2/scripts/12M_submission_package_refresh_FINAL_COMPLETE_STANDALONE_V2.R"
"D:/PD_Graft_Project/tools/R_lib_clean_orgdb_08D/AnnotationDbi/doc/AnnotationDbi.R","AnnotationDbi.R","tools/R_lib_clean_orgdb_08D/AnnotationDbi/doc/AnnotationDbi.R",10380,"2026-07-14 16:24:03.309666","AnnotationDbi.R","project_script_search",TRUE,"D:/PD_Graft_Project/12K_GitHub_repository_package_FINAL_COMPLETE_STANDALONE_V2/scripts/AnnotationDbi.R"
"D:/PD_Graft_Project/tools/R_lib_clean_orgdb_08D/AnnotationDbi/doc/IntroToAnnotationPackages.R","IntroToAnnotationPackages.R","tools/R_lib_clean_orgdb_08D/AnnotationDbi/doc/IntroToAnnotationPackages.R",4218,"2026-07-14 16:24:03.310661","IntroToAnnotationPackages.R","project_script_search",TRUE,"D:/PD_Graft_Project/12K_GitHub_repository_package_FINAL_COMPLETE_STANDALONE_V2/scripts/IntroToAnnotationPackages.R"
"D:/PD_Graft_Project/tools/R_lib_clean_orgdb_08D/AnnotationDbi/extdata/org.testing.db/R/zzz.R","zzz.R","tools/R_lib_clean_orgdb_08D/AnnotationDbi/extdata/org.testing.db/R/zzz.R",1346,"2026-07-14 16:24:03.324619","zzz.R","project_script_search",TRUE,"D:/PD_Graft_Project/12K_GitHub_repository_package_FINAL_COMPLETE_STANDALONE_V2/scripts/zzz.R"
"D:/PD_Graft_Project/tools/R_lib_clean_orgdb_08D/AnnotationDbi/script/generateMultiCols.R","generateMultiCols.R","tools/R_lib_clean_orgdb_08D/AnnotationDbi/script/generateMultiCols.R",7512,"2026-07-14 16:24:03.330593","generateMultiCols.R","project_script_search",TRUE,"D:/PD_Graft_Project/12K_GitHub_repository_package_FINAL_COMPLETE_STANDALONE_V2/scripts/generateMultiCols.R"
"D:/PD_Graft_Project/tools/R_lib_clean_orgdb_08D/AnnotationDbi/unitTests/test_bimap.R","test_bimap.R","tools/R_lib_clean_orgdb_08D/AnnotationDbi/unitTests/test_bimap.R",5475,"2026-07-14 16:24:03.330593","test","project_script_search",TRUE,"D:/PD_Graft_Project/12K_GitHub_repository_package_FINAL_COMPLETE_STANDALONE_V2/scripts/test_bimap.R"
"D:/PD_Graft_Project/tools/R_lib_clean_orgdb_08D/AnnotationDbi/unitTests/test_geneCentricDbs.R","test_geneCentricDbs.R","tools/R_lib_clean_orgdb_08D/AnnotationDbi/unitTests/test_geneCentricDbs.R",502,"2026-07-14 16:24:03.331593","test","project_script_search",TRUE,"D:/PD_Graft_Project/12K_GitHub_repository_package_FINAL_COMPLETE_STANDALONE_V2/scripts/test_geneCentricDbs.R"
"D:/PD_Graft_Project/tools/R_lib_clean_orgdb_08D/AnnotationDbi/unitTests/test_mapIds.R","test_mapIds.R","tools/R_lib_clean_orgdb_08D/AnnotationDbi/unitTests/test_mapIds.R",2345,"2026-07-14 16:24:03.331593","test","project_script_search",TRUE,"D:/PD_Graft_Project/12K_GitHub_repository_package_FINAL_COMPLETE_STANDALONE_V2/scripts/test_mapIds.R"
"D:/PD_Graft_Project/tools/R_lib_clean_orgdb_08D/AnnotationDbi/unitTests/test_select.R","test_select.R","tools/R_lib_clean_orgdb_08D/AnnotationDbi/unitTests/test_select.R",16357,"2026-07-14 16:24:03.331593","test","project_script_search",TRUE,"D:/PD_Graft_Project/12K_GitHub_repository_package_FINAL_COMPLETE_STANDALONE_V2/scripts/test_select.R"
"D:/PD_Graft_Project/tools/R_lib_clean_orgdb_08D/AnnotationDbi/unitTests/test_select_NOSCHEMA.R","test_select_NOSCHEMA.R","tools/R_lib_clean_orgdb_08D/AnnotationDbi/unitTests/test_select_NOSCHEMA.R",4450,"2026-07-14 16:24:03.331593","test","project_script_search",TRUE,"D:/PD_Graft_Project/12K_GitHub_repository_package_FINAL_COMPLETE_STANDALONE_V2/scripts/test_select_NOSCHEMA.R"
"D:/PD_Graft_Project/tools/R_lib_clean_orgdb_08D/AnnotationDbi/unitTests/test_select_reactome.R","test_select_reactome.R","tools/R_lib_clean_orgdb_08D/AnnotationDbi/unitTests/test_select_reactome.R",3818,"2026-07-14 16:24:03.331593","test","project_script_search",TRUE,"D:/PD_Graft_Project/12K_GitHub_repository_package_FINAL_COMPLETE_STANDALONE_V2/scripts/test_select_reactome.R"
"D:/PD_Graft_Project/00_MASTER_ALL_CODE_ARCHIVE.R","00_MASTER_ALL_CODE_ARCHIVE.R","00_MASTER_ALL_CODE_ARCHIVE.R",837156,"2026-07-14 23:17:10.78898","00_MASTER_ALL_CODE_ARCHIVE.R","project_script_search",TRUE,"D:/PD_Graft_Project/12K_GitHub_repository_package_FINAL_COMPLETE_STANDALONE_V2/scripts/00_MASTER_ALL_CODE_ARCHIVE.R"
"D:/PD_Graft_Project/07_scripts/12K_github_repository_package_refresh_FINAL_COMPLETE_STANDALONE_V2.R","12K_github_repository_package_refresh_FINAL_COMPLETE_STANDALONE_V2.R","07_scripts/12K_github_repository_package_refresh_FINAL_COMPLETE_STANDALONE_V2.R",48070,"2026-07-18 23:57:43.788893","12K","current_sourced_script",TRUE,"D:/PD_Graft_Project/12K_GitHub_repository_package_FINAL_COMPLETE_STANDALONE_V2/scripts/12K_github_repository_package_refresh_FINAL_COMPLETE_STANDALONE_V2.R"
